timestamp,method,epochs,lr,weight_decay,alpha,alpha_start,alpha_end,c,auto_scale_c,c_scale,grad_clip,seed,acc,truth_ratio,mia_acc
2025-11-06T09:29:18.424896,rmu,4,0.0003,0.0001,300.0,-1.0,-1.0,2.0,0,2.0,0.5,42,0.8864,0.9759325981140137,0.5651999999999999
2025-11-06T09:30:22.855344,rmu,4,0.0003,0.0001,300.0,-1.0,-1.0,2.0,0,2.0,0.5,1337,0.738,0.7063864469528198,0.4969
2025-11-06T09:31:18.412658,rmu,4,0.0003,0.0001,300.0,-1.0,-1.0,2.0,0,2.0,1.0,42,0.8848,0.9767892360687256,0.5663
2025-11-06T09:32:21.173024,rmu,4,0.0003,0.0001,300.0,-1.0,-1.0,2.0,0,2.0,1.0,1337,0.7228,0.6924514770507812,0.5015000000000001
2025-11-06T09:33:20.255734,rmu,4,0.0003,0.0001,300.0,-1.0,-1.0,2.0,0,3.0,0.5,42,0.8886,0.9772648215293884,0.5645
2025-11-06T09:34:25.085843,rmu,4,0.0003,0.0001,300.0,-1.0,-1.0,2.0,0,3.0,0.5,1337,0.7324,0.7099149227142334,0.49380000000000007
2025-11-06T09:35:25.083315,rmu,4,0.0003,0.0001,300.0,-1.0,-1.0,2.0,0,3.0,1.0,42,0.8902,0.9768613576889038,0.5671999999999999
2025-11-06T09:36:30.300758,rmu,4,0.0003,0.0001,300.0,-1.0,-1.0,2.0,0,3.0,1.0,1337,0.7436,0.722562313079834,0.5063
2025-11-06T09:37:33.225442,rmu,4,0.0003,0.0001,300.0,-1.0,-1.0,2.0,1,2.0,0.5,42,0.8848,0.975775957107544,0.5642000000000001
2025-11-06T09:38:40.742769,rmu,4,0.0003,0.0001,300.0,-1.0,-1.0,2.0,1,2.0,0.5,1337,0.7408,0.7169336676597595,0.4978000000000001
2025-11-06T09:39:41.872968,rmu,4,0.0003,0.0001,300.0,-1.0,-1.0,2.0,1,2.0,1.0,42,0.8864,0.9747405052185059,0.5644
2025-11-06T09:40:47.949694,rmu,4,0.0003,0.0001,300.0,-1.0,-1.0,2.0,1,2.0,1.0,1337,0.7488,0.7185040712356567,0.49560000000000004
2025-11-06T09:41:49.498760,rmu,4,0.0003,0.0001,300.0,-1.0,-1.0,2.0,1,3.0,0.5,42,0.8862,0.9758186340332031,0.5668
2025-11-06T09:42:53.723931,rmu,4,0.0003,0.0001,300.0,-1.0,-1.0,2.0,1,3.0,0.5,1337,0.7404,0.7106378078460693,0.49139999999999995
2025-11-06T09:43:55.215623,rmu,4,0.0003,0.0001,300.0,-1.0,-1.0,2.0,1,3.0,1.0,42,0.8854,0.9758175611495972,0.5639
2025-11-06T09:45:01.069018,rmu,4,0.0003,0.0001,300.0,-1.0,-1.0,2.0,1,3.0,1.0,1337,0.7188,0.7004469037055969,0.5086999999999999
2025-11-06T09:46:01.012914,rmu,4,0.0003,0.0001,300.0,-1.0,-1.0,4.0,0,2.0,0.5,42,0.8886,0.9761787056922913,0.5677999999999999
2025-11-06T09:47:04.727607,rmu,4,0.0003,0.0001,300.0,-1.0,-1.0,4.0,0,2.0,0.5,1337,0.7422,0.7178965210914612,0.4835
2025-11-06T09:48:03.133635,rmu,4,0.0003,0.0001,300.0,-1.0,-1.0,4.0,0,2.0,1.0,42,0.8878,0.9766129851341248,0.5662
2025-11-06T09:49:06.388046,rmu,4,0.0003,0.0001,300.0,-1.0,-1.0,4.0,0,2.0,1.0,1337,0.7418,0.7195802927017212,0.48919999999999997
2025-11-06T09:50:03.425799,rmu,4,0.0003,0.0001,300.0,-1.0,-1.0,4.0,0,3.0,0.5,42,0.8876,0.9748687744140625,0.5661999999999999
2025-11-06T09:51:05.121037,rmu,4,0.0003,0.0001,300.0,-1.0,-1.0,4.0,0,3.0,0.5,1337,0.735,0.7107062935829163,0.4958
2025-11-06T09:52:02.077784,rmu,4,0.0003,0.0001,300.0,-1.0,-1.0,4.0,0,3.0,1.0,42,0.8844,0.9749784469604492,0.5638
2025-11-06T09:53:06.251294,rmu,4,0.0003,0.0001,300.0,-1.0,-1.0,4.0,0,3.0,1.0,1337,0.7286,0.6946405172348022,0.49160000000000004
2025-11-06T09:54:08.416218,rmu,4,0.0003,0.0001,300.0,-1.0,-1.0,4.0,1,2.0,0.5,42,0.8904,0.9759169816970825,0.5656
2025-11-06T09:55:12.801129,rmu,4,0.0003,0.0001,300.0,-1.0,-1.0,4.0,1,2.0,0.5,1337,0.751,0.7247185707092285,0.4929
2025-11-06T09:56:10.873583,rmu,4,0.0003,0.0001,300.0,-1.0,-1.0,4.0,1,2.0,1.0,42,0.8876,0.9769550561904907,0.5641
2025-11-06T09:57:15.289920,rmu,4,0.0003,0.0001,300.0,-1.0,-1.0,4.0,1,2.0,1.0,1337,0.7482,0.7136472463607788,0.4948
2025-11-06T09:58:16.717454,rmu,4,0.0003,0.0001,300.0,-1.0,-1.0,4.0,1,3.0,0.5,42,0.886,0.9765323996543884,0.5673
2025-11-06T09:59:22.544635,rmu,4,0.0003,0.0001,300.0,-1.0,-1.0,4.0,1,3.0,0.5,1337,0.747,0.7226885557174683,0.5032
2025-11-06T10:00:23.731002,rmu,4,0.0003,0.0001,300.0,-1.0,-1.0,4.0,1,3.0,1.0,42,0.887,0.9770447015762329,0.5655999999999999
2025-11-06T10:01:30.069044,rmu,4,0.0003,0.0001,300.0,-1.0,-1.0,4.0,1,3.0,1.0,1337,0.7352,0.7099814414978027,0.49560000000000004
2025-11-06T10:02:26.490522,rmu,4,0.0003,0.0001,1000.0,-1.0,-1.0,2.0,0,2.0,0.5,42,0.8868,0.9733080267906189,0.5617
2025-11-06T10:03:26.807694,rmu,4,0.0003,0.0001,1000.0,-1.0,-1.0,2.0,0,2.0,0.5,1337,0.7434,0.7263974547386169,0.5061
2025-11-06T10:04:23.917673,rmu,4,0.0003,0.0001,1000.0,-1.0,-1.0,2.0,0,2.0,1.0,42,0.8872,0.9772284030914307,0.569
2025-11-06T10:05:24.958968,rmu,4,0.0003,0.0001,1000.0,-1.0,-1.0,2.0,0,2.0,1.0,1337,0.7482,0.7229412198066711,0.4957000000000001
2025-11-06T10:06:23.769943,rmu,4,0.0003,0.0001,1000.0,-1.0,-1.0,2.0,0,3.0,0.5,42,0.885,0.9742584824562073,0.5631999999999999
2025-11-06T10:07:25.596956,rmu,4,0.0003,0.0001,1000.0,-1.0,-1.0,2.0,0,3.0,0.5,1337,0.7426,0.7133604884147644,0.4949
2025-11-06T10:08:22.787820,rmu,4,0.0003,0.0001,1000.0,-1.0,-1.0,2.0,0,3.0,1.0,42,0.8862,0.9775117039680481,0.5652
2025-11-06T10:09:24.269507,rmu,4,0.0003,0.0001,1000.0,-1.0,-1.0,2.0,0,3.0,1.0,1337,0.7384,0.7176737785339355,0.48629999999999995
2025-11-06T10:10:24.559324,rmu,4,0.0003,0.0001,1000.0,-1.0,-1.0,2.0,1,2.0,0.5,42,0.8848,0.973588764667511,0.5631999999999999
2025-11-06T10:11:28.167316,rmu,4,0.0003,0.0001,1000.0,-1.0,-1.0,2.0,1,2.0,0.5,1337,0.7414,0.7154628038406372,0.4901
2025-11-06T10:12:29.567748,rmu,4,0.0003,0.0001,1000.0,-1.0,-1.0,2.0,1,2.0,1.0,42,0.8862,0.9765518307685852,0.5661
2025-11-06T10:13:34.781611,rmu,4,0.0003,0.0001,1000.0,-1.0,-1.0,2.0,1,2.0,1.0,1337,0.7426,0.7220177054405212,0.4904
2025-11-06T10:14:35.160319,rmu,4,0.0003,0.0001,1000.0,-1.0,-1.0,2.0,1,3.0,0.5,42,0.8858,0.9749186635017395,0.5650000000000001
2025-11-06T10:15:41.586476,rmu,4,0.0003,0.0001,1000.0,-1.0,-1.0,2.0,1,3.0,0.5,1337,0.7472,0.7278090715408325,0.5055
2025-11-06T10:16:42.887947,rmu,4,0.0003,0.0001,1000.0,-1.0,-1.0,2.0,1,3.0,1.0,42,0.885,0.9782904982566833,0.5685
2025-11-06T10:17:46.112542,rmu,4,0.0003,0.0001,1000.0,-1.0,-1.0,2.0,1,3.0,1.0,1337,0.74,0.7220339179039001,0.5078
2025-11-06T10:18:44.250018,rmu,4,0.0003,0.0001,1000.0,-1.0,-1.0,4.0,0,2.0,0.5,42,0.8852,0.9742451310157776,0.5654999999999999
2025-11-06T10:19:48.353932,rmu,4,0.0003,0.0001,1000.0,-1.0,-1.0,4.0,0,2.0,0.5,1337,0.7398,0.7135629057884216,0.4937
2025-11-06T10:20:48.717804,rmu,4,0.0003,0.0001,1000.0,-1.0,-1.0,4.0,0,2.0,1.0,42,0.887,0.9774954915046692,0.5652999999999999
2025-11-06T10:21:54.347283,rmu,4,0.0003,0.0001,1000.0,-1.0,-1.0,4.0,0,2.0,1.0,1337,0.7408,0.7083085775375366,0.49870000000000003
2025-11-06T10:22:54.810832,rmu,4,0.0003,0.0001,1000.0,-1.0,-1.0,4.0,0,3.0,0.5,42,0.886,0.9750745892524719,0.5689
2025-11-06T10:23:58.066369,rmu,4,0.0003,0.0001,1000.0,-1.0,-1.0,4.0,0,3.0,0.5,1337,0.7488,0.7261398434638977,0.497
2025-11-06T10:24:55.946424,rmu,4,0.0003,0.0001,1000.0,-1.0,-1.0,4.0,0,3.0,1.0,42,0.8872,0.9782020449638367,0.5663999999999999
2025-11-06T10:25:59.655999,rmu,4,0.0003,0.0001,1000.0,-1.0,-1.0,4.0,0,3.0,1.0,1337,0.7432,0.7154191136360168,0.49660000000000004
2025-11-06T10:26:58.909704,rmu,4,0.0003,0.0001,1000.0,-1.0,-1.0,4.0,1,2.0,0.5,42,0.8808,0.974619448184967,0.5676
2025-11-06T10:28:04.787865,rmu,4,0.0003,0.0001,1000.0,-1.0,-1.0,4.0,1,2.0,0.5,1337,0.732,0.7035178542137146,0.49420000000000003
2025-11-06T10:29:04.867681,rmu,4,0.0003,0.0001,1000.0,-1.0,-1.0,4.0,1,2.0,1.0,42,0.8842,0.9777206778526306,0.5667000000000001
2025-11-06T10:30:10.115369,rmu,4,0.0003,0.0001,1000.0,-1.0,-1.0,4.0,1,2.0,1.0,1337,0.742,0.7206470966339111,0.49720000000000003
2025-11-06T10:31:08.133882,rmu,4,0.0003,0.0001,1000.0,-1.0,-1.0,4.0,1,3.0,0.5,42,0.8842,0.9743390679359436,0.5658000000000001
2025-11-06T10:32:13.577615,rmu,4,0.0003,0.0001,1000.0,-1.0,-1.0,4.0,1,3.0,0.5,1337,0.7482,0.7253376841545105,0.4917999999999999
2025-11-06T10:33:12.839928,rmu,4,0.0003,0.0001,1000.0,-1.0,-1.0,4.0,1,3.0,1.0,42,0.8876,0.9779672026634216,0.5688
2025-11-06T10:34:17.617360,rmu,4,0.0003,0.0001,1000.0,-1.0,-1.0,4.0,1,3.0,1.0,1337,0.7336,0.7030680775642395,0.4957
2025-11-06T10:35:17.415230,rmu,4,0.0001,0.0001,300.0,-1.0,-1.0,2.0,0,2.0,0.5,42,0.8842,0.9832327961921692,0.5780999999999998
2025-11-06T10:36:21.612770,rmu,4,0.0001,0.0001,300.0,-1.0,-1.0,2.0,0,2.0,0.5,1337,0.872,0.8881940245628357,0.5175000000000001
2025-11-06T10:37:21.918734,rmu,4,0.0001,0.0001,300.0,-1.0,-1.0,2.0,0,2.0,1.0,42,0.8864,0.9824975728988647,0.5765
2025-11-06T10:38:29.061660,rmu,4,0.0001,0.0001,300.0,-1.0,-1.0,2.0,0,2.0,1.0,1337,0.8724,0.8881656527519226,0.5123
2025-11-06T10:39:29.440000,rmu,4,0.0001,0.0001,300.0,-1.0,-1.0,2.0,0,3.0,0.5,42,0.8836,0.9828434586524963,0.577
2025-11-06T10:40:35.191649,rmu,4,0.0001,0.0001,300.0,-1.0,-1.0,2.0,0,3.0,0.5,1337,0.8688,0.8865824341773987,0.5171
2025-11-06T10:41:35.035646,rmu,4,0.0001,0.0001,300.0,-1.0,-1.0,2.0,0,3.0,1.0,42,0.8832,0.9832417964935303,0.5786999999999999
2025-11-06T10:42:41.598189,rmu,4,0.0001,0.0001,300.0,-1.0,-1.0,2.0,0,3.0,1.0,1337,0.8684,0.8865672945976257,0.518
2025-11-06T10:43:44.282351,rmu,4,0.0001,0.0001,300.0,-1.0,-1.0,2.0,1,2.0,0.5,42,0.886,0.9830906987190247,0.5777
2025-11-06T10:44:50.953615,rmu,4,0.0001,0.0001,300.0,-1.0,-1.0,2.0,1,2.0,0.5,1337,0.8674,0.8839278221130371,0.5117
2025-11-06T10:45:52.223011,rmu,4,0.0001,0.0001,300.0,-1.0,-1.0,2.0,1,2.0,1.0,42,0.8844,0.9826475381851196,0.576
2025-11-06T10:46:57.309549,rmu,4,0.0001,0.0001,300.0,-1.0,-1.0,2.0,1,2.0,1.0,1337,0.864,0.8881223797798157,0.5163000000000001
2025-11-06T10:47:58.020793,rmu,4,0.0001,0.0001,300.0,-1.0,-1.0,2.0,1,3.0,0.5,42,0.8856,0.9829322099685669,0.5781000000000001
2025-11-06T10:49:00.895508,rmu,4,0.0001,0.0001,300.0,-1.0,-1.0,2.0,1,3.0,0.5,1337,0.8638,0.8850165009498596,0.518
2025-11-06T10:50:02.342484,rmu,4,0.0001,0.0001,300.0,-1.0,-1.0,2.0,1,3.0,1.0,42,0.8834,0.9825673699378967,0.5775
2025-11-06T10:51:05.882832,rmu,4,0.0001,0.0001,300.0,-1.0,-1.0,2.0,1,3.0,1.0,1337,0.8652,0.8932799100875854,0.5199999999999999
2025-11-06T10:52:05.806569,rmu,4,0.0001,0.0001,300.0,-1.0,-1.0,4.0,0,2.0,0.5,42,0.886,0.9827233552932739,0.5765
2025-11-06T10:53:09.355536,rmu,4,0.0001,0.0001,300.0,-1.0,-1.0,4.0,0,2.0,0.5,1337,0.8636,0.8870826363563538,0.5200000000000001
2025-11-06T10:54:07.305466,rmu,4,0.0001,0.0001,300.0,-1.0,-1.0,4.0,0,2.0,1.0,42,0.8854,0.9824333786964417,0.5763
2025-11-06T10:55:09.677263,rmu,4,0.0001,0.0001,300.0,-1.0,-1.0,4.0,0,2.0,1.0,1337,0.868,0.8882868885993958,0.517
2025-11-06T10:56:09.590696,rmu,4,0.0001,0.0001,300.0,-1.0,-1.0,4.0,0,3.0,0.5,42,0.8854,0.9829318523406982,0.5772999999999999
2025-11-06T10:57:15.199374,rmu,4,0.0001,0.0001,300.0,-1.0,-1.0,4.0,0,3.0,0.5,1337,0.8664,0.8893923759460449,0.5199999999999999
2025-11-06T10:58:15.109651,rmu,4,0.0001,0.0001,300.0,-1.0,-1.0,4.0,0,3.0,1.0,42,0.8866,0.9826750159263611,0.5761
2025-11-06T10:59:21.088404,rmu,4,0.0001,0.0001,300.0,-1.0,-1.0,4.0,0,3.0,1.0,1337,0.8642,0.8896254897117615,0.5213
2025-11-06T11:00:23.016573,rmu,4,0.0001,0.0001,300.0,-1.0,-1.0,4.0,1,2.0,0.5,42,0.8836,0.9829396605491638,0.576
2025-11-06T11:01:26.644082,rmu,4,0.0001,0.0001,300.0,-1.0,-1.0,4.0,1,2.0,0.5,1337,0.865,0.8817244172096252,0.5158
2025-11-06T11:02:26.133734,rmu,4,0.0001,0.0001,300.0,-1.0,-1.0,4.0,1,2.0,1.0,42,0.8866,0.9832829236984253,0.5748999999999999
2025-11-06T11:03:30.508237,rmu,4,0.0001,0.0001,300.0,-1.0,-1.0,4.0,1,2.0,1.0,1337,0.8664,0.8874186277389526,0.5191000000000001
2025-11-06T11:04:31.856808,rmu,4,0.0001,0.0001,300.0,-1.0,-1.0,4.0,1,3.0,0.5,42,0.8862,0.9831138849258423,0.5778000000000001
2025-11-06T11:05:37.893687,rmu,4,0.0001,0.0001,300.0,-1.0,-1.0,4.0,1,3.0,0.5,1337,0.8576,0.8843146562576294,0.5214000000000001
2025-11-06T11:06:36.801190,rmu,4,0.0001,0.0001,300.0,-1.0,-1.0,4.0,1,3.0,1.0,42,0.883,0.9826101660728455,0.5762
2025-11-06T11:07:41.581716,rmu,4,0.0001,0.0001,300.0,-1.0,-1.0,4.0,1,3.0,1.0,1337,0.869,0.8869826197624207,0.5146
2025-11-06T11:08:40.189926,rmu,4,0.0001,0.0001,1000.0,-1.0,-1.0,2.0,0,2.0,0.5,42,0.8844,0.9830646514892578,0.5795
2025-11-06T11:09:44.611560,rmu,4,0.0001,0.0001,1000.0,-1.0,-1.0,2.0,0,2.0,0.5,1337,0.862,0.8860294818878174,0.5168
2025-11-06T11:10:45.381688,rmu,4,0.0001,0.0001,1000.0,-1.0,-1.0,2.0,0,2.0,1.0,42,0.8878,0.9831078052520752,0.579
2025-11-06T11:11:47.684427,rmu,4,0.0001,0.0001,1000.0,-1.0,-1.0,2.0,0,2.0,1.0,1337,0.865,0.8850952386856079,0.5198
2025-11-06T11:12:45.730753,rmu,4,0.0001,0.0001,1000.0,-1.0,-1.0,2.0,0,3.0,0.5,42,0.8848,0.9827947020530701,0.5765999999999999
2025-11-06T11:13:49.543442,rmu,4,0.0001,0.0001,1000.0,-1.0,-1.0,2.0,0,3.0,0.5,1337,0.8674,0.8873246312141418,0.5185
2025-11-06T11:14:48.543035,rmu,4,0.0001,0.0001,1000.0,-1.0,-1.0,2.0,0,3.0,1.0,42,0.8852,0.9834046959877014,0.5791
2025-11-06T11:15:53.429628,rmu,4,0.0001,0.0001,1000.0,-1.0,-1.0,2.0,0,3.0,1.0,1337,0.8644,0.8900212645530701,0.5216000000000001
2025-11-06T11:16:52.124102,rmu,4,0.0001,0.0001,1000.0,-1.0,-1.0,2.0,1,2.0,0.5,42,0.8846,0.9831379055976868,0.5761999999999998
2025-11-06T11:17:56.790880,rmu,4,0.0001,0.0001,1000.0,-1.0,-1.0,2.0,1,2.0,0.5,1337,0.8646,0.8895919919013977,0.5208
2025-11-06T11:18:59.710176,rmu,4,0.0001,0.0001,1000.0,-1.0,-1.0,2.0,1,2.0,1.0,42,0.8854,0.9830478429794312,0.5771999999999998
2025-11-06T11:20:07.235738,rmu,4,0.0001,0.0001,1000.0,-1.0,-1.0,2.0,1,2.0,1.0,1337,0.8588,0.8818945288658142,0.5184
2025-11-06T11:21:09.357867,rmu,4,0.0001,0.0001,1000.0,-1.0,-1.0,2.0,1,3.0,0.5,42,0.8874,0.9830764532089233,0.5797
2025-11-06T11:22:18.397380,rmu,4,0.0001,0.0001,1000.0,-1.0,-1.0,2.0,1,3.0,0.5,1337,0.8656,0.8869534134864807,0.5170000000000001
2025-11-06T11:23:18.169412,rmu,4,0.0001,0.0001,1000.0,-1.0,-1.0,2.0,1,3.0,1.0,42,0.8842,0.9831435680389404,0.5758
2025-11-06T11:24:20.718164,rmu,4,0.0001,0.0001,1000.0,-1.0,-1.0,2.0,1,3.0,1.0,1337,0.865,0.8890495896339417,0.5206000000000001
2025-11-06T11:25:17.665581,rmu,4,0.0001,0.0001,1000.0,-1.0,-1.0,4.0,0,2.0,0.5,42,0.884,0.9830310344696045,0.5782999999999999
2025-11-06T11:26:18.494945,rmu,4,0.0001,0.0001,1000.0,-1.0,-1.0,4.0,0,2.0,0.5,1337,0.8624,0.8855085968971252,0.5172000000000001
2025-11-06T11:27:15.654827,rmu,4,0.0001,0.0001,1000.0,-1.0,-1.0,4.0,0,2.0,1.0,42,0.8826,0.9833499789237976,0.5774999999999999
2025-11-06T11:28:16.629153,rmu,4,0.0001,0.0001,1000.0,-1.0,-1.0,4.0,0,2.0,1.0,1337,0.8698,0.8838826417922974,0.5129
2025-11-06T11:29:14.627366,rmu,4,0.0001,0.0001,1000.0,-1.0,-1.0,4.0,0,3.0,0.5,42,0.885,0.9825312495231628,0.577
2025-11-06T11:30:15.309952,rmu,4,0.0001,0.0001,1000.0,-1.0,-1.0,4.0,0,3.0,0.5,1337,0.863,0.8846402168273926,0.5189
2025-11-06T11:31:13.993616,rmu,4,0.0001,0.0001,1000.0,-1.0,-1.0,4.0,0,3.0,1.0,42,0.8826,0.9830865263938904,0.5783
2025-11-06T11:32:17.643051,rmu,4,0.0001,0.0001,1000.0,-1.0,-1.0,4.0,0,3.0,1.0,1337,0.8616,0.8866789937019348,0.5195000000000001
2025-11-06T11:33:16.798161,rmu,4,0.0001,0.0001,1000.0,-1.0,-1.0,4.0,1,2.0,0.5,42,0.8866,0.9824934601783752,0.5757
2025-11-06T11:34:22.216568,rmu,4,0.0001,0.0001,1000.0,-1.0,-1.0,4.0,1,2.0,0.5,1337,0.863,0.8837701082229614,0.5154
2025-11-06T11:35:22.773992,rmu,4,0.0001,0.0001,1000.0,-1.0,-1.0,4.0,1,2.0,1.0,42,0.885,0.9834334850311279,0.5773999999999999
2025-11-06T11:36:28.200410,rmu,4,0.0001,0.0001,1000.0,-1.0,-1.0,4.0,1,2.0,1.0,1337,0.8558,0.8797513842582703,0.5198
2025-11-06T11:37:28.761496,rmu,4,0.0001,0.0001,1000.0,-1.0,-1.0,4.0,1,3.0,0.5,42,0.885,0.9829044938087463,0.5783999999999999
2025-11-06T11:38:33.382059,rmu,4,0.0001,0.0001,1000.0,-1.0,-1.0,4.0,1,3.0,0.5,1337,0.8684,0.8867859244346619,0.5143
2025-11-06T11:39:33.501916,rmu,4,0.0001,0.0001,1000.0,-1.0,-1.0,4.0,1,3.0,1.0,42,0.8866,0.9830987453460693,0.5788
2025-11-06T11:40:38.454687,rmu,4,0.0001,0.0001,1000.0,-1.0,-1.0,4.0,1,3.0,1.0,1337,0.8604,0.8843029141426086,0.519
